{
  "scientific_explanation": {
    "factual_accuracy": 0.6958848237991333,
    "logical_coherence": 0.4146845191717148,
    "context_relevance": 0.6030656610037151,
    "interpretative_reasoning": 0.46928942228618414,
    "information_completeness": 0.7519230769230769,
    "hallucination_score": 0.2125790365040302,
    "overall_faithfulness": 0.5490058248102786
  },
  "technical_analysis": {
    "factual_accuracy": 0.7498709559440613,
    "logical_coherence": 0.23793593794107437,
    "context_relevance": 0.7628578748021807,
    "interpretative_reasoning": 0.6462197875976562,
    "information_completeness": 0.7975084459459458,
    "hallucination_score": 0.1434460148215294,
    "overall_faithfulness": 0.5780055698081563
  },
  "medical_advice": {
    "factual_accuracy": 0.7946358621120453,
    "logical_coherence": 0.4236742854118347,
    "context_relevance": 0.6640168372322531,
    "interpretative_reasoning": 0.5754304947171892,
    "information_completeness": 0.7505747126436781,
    "hallucination_score": 0.3061213746666908,
    "overall_faithfulness": 0.6147123242394339
  },
  "current_events": {
    "factual_accuracy": 0.7348571717739105,
    "logical_coherence": 0.4281398504972458,
    "context_relevance": 0.5081252966608321,
    "interpretative_reasoning": 0.5160902323041643,
    "information_completeness": 0.7643333333333332,
    "hallucination_score": 0.3139615535736084,
    "overall_faithfulness": 0.5675469396670658
  },
  "historical_analysis": {
    "factual_accuracy": 0.70265132188797,
    "logical_coherence": 0.2609926611185074,
    "context_relevance": 0.8184427658716837,
    "interpretative_reasoning": 0.5729493951797485,
    "information_completeness": 0.7637770897832816,
    "hallucination_score": 0.11479111686348917,
    "overall_faithfulness": 0.5595595736124843
  }
}