{
  "factual_accuracy": 0.8070668637752533,
  "logical_coherence": 0.43828295469284057,
  "context_relevance": 0.6009843159100834,
  "interpretative_reasoning": 0.5251605930728791,
  "information_completeness": 0.7332417597218187,
  "hallucination_score": 0.3581306847929955,
  "overall_faithfulness": 0.6078356308700699
}