{
  "scientific_explanation": {
    "factual_accuracy": 0.8400273025035858,
    "logical_coherence": 0.4606746435165405,
    "context_relevance": 0.5651565936992042,
    "interpretative_reasoning": 0.5962007076865747,
    "information_completeness": 0.7923076923076922,
    "hallucination_score": 0.43698426336050034,
    "overall_faithfulness": 0.64127591022907
  },
  "technical_analysis": {
    "factual_accuracy": 0.7946801781654358,
    "logical_coherence": 0.2737688273191452,
    "context_relevance": 0.5127488306590489,
    "interpretative_reasoning": 0.5207529830932617,
    "information_completeness": 0.6627111486486487,
    "hallucination_score": 0.19672325849533082,
    "overall_faithfulness": 0.5341265316907042
  },
  "medical_advice": {
    "factual_accuracy": 0.8507944047451019,
    "logical_coherence": 0.6095914840698242,
    "context_relevance": 0.7218551683826606,
    "interpretative_reasoning": 0.5031430990756058,
    "information_completeness": 0.7885057471264367,
    "hallucination_score": 0.538615968823433,
    "overall_faithfulness": 0.6936185299512224
  },
  "current_events": {
    "factual_accuracy": 0.7686622738838196,
    "logical_coherence": 0.5119389146566391,
    "context_relevance": 0.4400444303240095,
    "interpretative_reasoning": 0.47815814767565046,
    "information_completeness": 0.6990000000000001,
    "hallucination_score": 0.4652092456817627,
    "overall_faithfulness": 0.587137776364599
  },
  "historical_analysis": {
    "factual_accuracy": 0.7811701595783234,
    "logical_coherence": 0.33544090390205383,
    "context_relevance": 0.765116556485494,
    "interpretative_reasoning": 0.5275480278333028,
    "information_completeness": 0.7236842105263157,
    "hallucination_score": 0.1531206876039505,
    "overall_faithfulness": 0.5830194061147539
  }
}