{
  "factual_accuracy": 0.7572151899337769,
  "logical_coherence": 0.3082480475306511,
  "context_relevance": 0.6030708486330504,
  "interpretative_reasoning": 0.5411200045735086,
  "information_completeness": 0.7922464287150353,
  "hallucination_score": 0.21068809643387798,
  "overall_faithfulness": 0.5607362469821384
}