{
  "factual_accuracy": 0.8000407628715038,
  "logical_coherence": 0.35745973978191614,
  "context_relevance": 0.7715395204722881,
  "interpretative_reasoning": 0.6600739546120166,
  "information_completeness": 0.7416910192273751,
  "hallucination_score": 0.2885887946002186,
  "overall_faithfulness": 0.6374115870827456
}