{
  "economic_analysis": {
    "factual_accuracy": 0.8185673654079437,
    "logical_coherence": 0.2507849410176277,
    "context_relevance": 0.7441063225269318,
    "interpretative_reasoning": 0.7306298732757568,
    "information_completeness": 0.7153846153846155,
    "hallucination_score": 0.14046933986246588,
    "overall_faithfulness": 0.6018492002584612
  },
  "current_events": {
    "factual_accuracy": 0.7952629029750824,
    "logical_coherence": 0.4812173992395401,
    "context_relevance": 0.83433997631073,
    "interpretative_reasoning": 0.6756349802017212,
    "information_completeness": 0.6849999999999998,
    "hallucination_score": 0.46615167856216433,
    "overall_faithfulness": 0.7000712870657443
  },
  "medical_advice": {
    "factual_accuracy": 0.8736273050308228,
    "logical_coherence": 0.34755928814411163,
    "context_relevance": 0.8638023138046265,
    "interpretative_reasoning": 0.6446255445480347,
    "information_completeness": 0.8293103448275863,
    "hallucination_score": 0.36074241697788245,
    "overall_faithfulness": 0.7031729049158507
  },
  "scientific_explanation": {
    "factual_accuracy": 0.8389462530612946,
    "logical_coherence": 0.5668235421180725,
    "context_relevance": 0.7784795165061951,
    "interpretative_reasoning": 0.6443988800048829,
    "information_completeness": 0.7557692307692307,
    "hallucination_score": 0.534436360001564,
    "overall_faithfulness": 0.7007968710706785
  },
  "technical_analysis": {
    "factual_accuracy": 0.8016424179077148,
    "logical_coherence": 0.22597301751375198,
    "context_relevance": 0.7574527561664581,
    "interpretative_reasoning": 0.6709752082824707,
    "information_completeness": 0.723902027027027,
    "hallucination_score": 0.16285515241324902,
    "overall_faithfulness": 0.5843033640922324
  },
  "historical_analysis": {
    "factual_accuracy": 0.7398084402084351,
    "logical_coherence": 0.277187243103981,
    "context_relevance": 0.7774102091789246,
    "interpretative_reasoning": 0.7436764001846314,
    "information_completeness": 0.7556501547987615,
    "hallucination_score": 0.13581430464982988,
    "overall_faithfulness": 0.6180138758867518
  },
  "environmental_impact": {
    "factual_accuracy": 0.7948024868965149,
    "logical_coherence": 0.36226963996887207,
    "context_relevance": 0.6266862154006958,
    "interpretative_reasoning": 0.547654002904892,
    "information_completeness": 0.6838963963963963,
    "hallucination_score": 0.22948149219155312,
    "overall_faithfulness": 0.587652713814163
  },
  "policy_analysis": {
    "factual_accuracy": 0.7376689314842224,
    "logical_coherence": 0.3478628471493721,
    "context_relevance": 0.7900388538837433,
    "interpretative_reasoning": 0.6229967474937439,
    "information_completeness": 0.7846153846153845,
    "hallucination_score": 0.2787596121430397,
    "overall_faithfulness": 0.6034324795580828
  }
}