{
  "economic_analysis": {
    "factual_accuracy": 0.8082928359508514,
    "logical_coherence": 0.37608520686626434,
    "context_relevance": 0.7168087661266327,
    "interpretative_reasoning": 0.7288691639900207,
    "information_completeness": 0.7215384615384617,
    "hallucination_score": 0.19742873497307303,
    "overall_faithfulness": 0.6270563212203293
  },
  "current_events": {
    "factual_accuracy": 0.8089500069618225,
    "logical_coherence": 0.475119948387146,
    "context_relevance": 0.8181323409080505,
    "interpretative_reasoning": 0.6536550939083099,
    "information_completeness": 0.7185416666666666,
    "hallucination_score": 0.4840948849916458,
    "overall_faithfulness": 0.7036561274329821
  },
  "medical_advice": {
    "factual_accuracy": 0.8828476071357727,
    "logical_coherence": 0.5588440448045731,
    "context_relevance": 0.8506322503089905,
    "interpretative_reasoning": 0.6234435796737671,
    "information_completeness": 0.8413793103448275,
    "hallucination_score": 0.5771007537841797,
    "overall_faithfulness": 0.7557826501285207
  },
  "scientific_explanation": {
    "factual_accuracy": 0.8136618137359619,
    "logical_coherence": 0.6086826324462891,
    "context_relevance": 0.7669173777103424,
    "interpretative_reasoning": 0.6237635374069214,
    "information_completeness": 0.7892307692307692,
    "hallucination_score": 0.5608905524015426,
    "overall_faithfulness": 0.702291648025696
  },
  "technical_analysis": {
    "factual_accuracy": 0.7737084329128265,
    "logical_coherence": 0.24256614595651627,
    "context_relevance": 0.7288957238197327,
    "interpretative_reasoning": 0.7009654402732849,
    "information_completeness": 0.702027027027027,
    "hallucination_score": 0.17324858121573924,
    "overall_faithfulness": 0.5812359803260582
  },
  "historical_analysis": {
    "factual_accuracy": 0.7902513444423676,
    "logical_coherence": 0.33518409729003906,
    "context_relevance": 0.7915146350860596,
    "interpretative_reasoning": 0.6238092064857482,
    "information_completeness": 0.7556501547987615,
    "hallucination_score": 0.15044409930706026,
    "overall_faithfulness": 0.6214514798968569
  },
  "environmental_impact": {
    "factual_accuracy": 0.842898428440094,
    "logical_coherence": 0.17086908966302872,
    "context_relevance": 0.6211471855640411,
    "interpretative_reasoning": 0.6167523145675659,
    "information_completeness": 0.7122747747747747,
    "hallucination_score": 0.10967486072331668,
    "overall_faithfulness": 0.577217396279411
  },
  "policy_analysis": {
    "factual_accuracy": 0.7626821100711823,
    "logical_coherence": 0.14712106809020042,
    "context_relevance": 0.7978293299674988,
    "interpretative_reasoning": 0.5318531274795533,
    "information_completeness": 0.6948717948717948,
    "hallucination_score": 0.16562513783574104,
    "overall_faithfulness": 0.5321894593976246
  }
}