{
  "factual_accuracy": 0.8136175535619259,
  "logical_coherence": 0.3853404726833105,
  "context_relevance": 0.7690506353974342,
  "interpretative_reasoning": 0.6768853556364773,
  "information_completeness": 0.7410471928538178,
  "hallucination_score": 0.29862492263782775,
  "overall_faithfulness": 0.6492475579166728
}