{
  "economic_analysis": {
    "factual_accuracy": 0.8286054134368896,
    "logical_coherence": 0.4891968220472336,
    "context_relevance": 0.7137673199176788,
    "interpretative_reasoning": 0.7785945296287536,
    "information_completeness": 0.698076923076923,
    "hallucination_score": 0.3148295093327761,
    "overall_faithfulness": 0.6748072695990021
  },
  "current_events": {
    "factual_accuracy": 0.837923675775528,
    "logical_coherence": 0.4736431986093521,
    "context_relevance": 0.8530470728874207,
    "interpretative_reasoning": 0.7224889516830444,
    "information_completeness": 0.72875,
    "hallucination_score": 0.49831385016441343,
    "overall_faithfulness": 0.7298844610750674
  },
  "medical_advice": {
    "factual_accuracy": 0.8634262681007385,
    "logical_coherence": 0.6146368086338043,
    "context_relevance": 0.8460323214530945,
    "interpretative_reasoning": 0.7208841323852538,
    "information_completeness": 0.8293103448275863,
    "hallucination_score": 0.5371383637189865,
    "overall_faithfulness": 0.7660770540607387
  },
  "scientific_explanation": {
    "factual_accuracy": 0.8591229319572449,
    "logical_coherence": 0.5241856426000595,
    "context_relevance": 0.7927246987819672,
    "interpretative_reasoning": 0.5898517489433288,
    "information_completeness": 0.7823076923076924,
    "hallucination_score": 0.45915284454822536,
    "overall_faithfulness": 0.6839628814596397
  },
  "technical_analysis": {
    "factual_accuracy": 0.7763999998569489,
    "logical_coherence": 0.1950019672513008,
    "context_relevance": 0.7453667521476746,
    "interpretative_reasoning": 0.7713258266448975,
    "information_completeness": 0.6736486486486486,
    "hallucination_score": 0.16622726134955884,
    "overall_faithfulness": 0.5847098249509125
  },
  "historical_analysis": {
    "factual_accuracy": 0.7830135822296143,
    "logical_coherence": 0.3032437264919281,
    "context_relevance": 0.7779501080513,
    "interpretative_reasoning": 0.6746314644813538,
    "information_completeness": 0.7383126934984521,
    "hallucination_score": 0.1366392821073532,
    "overall_faithfulness": 0.6195046403072197
  },
  "environmental_impact": {
    "factual_accuracy": 0.8243067264556885,
    "logical_coherence": 0.26623955368995667,
    "context_relevance": 0.6299708485603333,
    "interpretative_reasoning": 0.6537755608558655,
    "information_completeness": 0.6933558558558558,
    "hallucination_score": 0.11347389388829471,
    "overall_faithfulness": 0.5931616654198382
  },
  "policy_analysis": {
    "factual_accuracy": 0.7361418306827545,
    "logical_coherence": 0.21657606214284897,
    "context_relevance": 0.7935459613800049,
    "interpretative_reasoning": 0.5035306304693222,
    "information_completeness": 0.7846153846153846,
    "hallucination_score": 0.16322437599301337,
    "overall_faithfulness": 0.5418726664609634
  }
}