{
  "factual_accuracy": 0.8066367469727993,
  "logical_coherence": 0.3421586970798671,
  "context_relevance": 0.757376691326499,
  "interpretative_reasoning": 0.6298173014074563,
  "information_completeness": 0.7450079312530644,
  "hallucination_score": 0.26719947974197567,
  "overall_faithfulness": 0.6268642403416458
}