{
  "economic_analysis": {
    "factual_accuracy": 0.8228631317615509,
    "logical_coherence": 0.36583076417446136,
    "context_relevance": 0.7251093983650208,
    "interpretative_reasoning": 0.6139467597007751,
    "information_completeness": 0.7753846153846156,
    "hallucination_score": 0.252831681072712,
    "overall_faithfulness": 0.6181470137857474
  },
  "current_events": {
    "factual_accuracy": 0.8169858455657959,
    "logical_coherence": 0.5343324095010757,
    "context_relevance": 0.8271755576133728,
    "interpretative_reasoning": 0.6566790044307709,
    "information_completeness": 0.7433333333333334,
    "hallucination_score": 0.4883610963821411,
    "overall_faithfulness": 0.720367362310489
  },
  "medical_advice": {
    "factual_accuracy": 0.8403655886650085,
    "logical_coherence": 0.3452220559120178,
    "context_relevance": 0.7939193844795227,
    "interpretative_reasoning": 0.6749855279922485,
    "information_completeness": 0.8080459770114942,
    "hallucination_score": 0.33457877244800327,
    "overall_faithfulness": 0.680509476236271
  },
  "scientific_explanation": {
    "factual_accuracy": 0.8087767660617828,
    "logical_coherence": 0.5833140313625336,
    "context_relevance": 0.7766362130641937,
    "interpretative_reasoning": 0.6248664379119874,
    "information_completeness": 0.7623076923076924,
    "hallucination_score": 0.4776018142700195,
    "overall_faithfulness": 0.6859236956376296
  },
  "technical_analysis": {
    "factual_accuracy": 0.7827684879302979,
    "logical_coherence": 0.26366575062274933,
    "context_relevance": 0.7317222952842712,
    "interpretative_reasoning": 0.6951290607452392,
    "information_completeness": 0.6780827702702702,
    "hallucination_score": 0.16266845874488356,
    "overall_faithfulness": 0.5838368610826296
  },
  "historical_analysis": {
    "factual_accuracy": 0.8252733647823334,
    "logical_coherence": 0.282085657119751,
    "context_relevance": 0.7881940305233002,
    "interpretative_reasoning": 0.6685639262199402,
    "information_completeness": 0.7979102167182662,
    "hallucination_score": 0.13897517472505572,
    "overall_faithfulness": 0.635525286969478
  },
  "environmental_impact": {
    "factual_accuracy": 0.7879025042057037,
    "logical_coherence": 0.2287936583161354,
    "context_relevance": 0.6098378151655197,
    "interpretative_reasoning": 0.5589882016181946,
    "information_completeness": 0.6552552552552552,
    "hallucination_score": 0.11475462485104801,
    "overall_faithfulness": 0.5509641006182285
  },
  "policy_analysis": {
    "factual_accuracy": 0.7681582868099213,
    "logical_coherence": 0.13402524963021278,
    "context_relevance": 0.8064188361167908,
    "interpretative_reasoning": 0.5453794926404952,
    "information_completeness": 0.7397435897435897,
    "hallucination_score": 0.16782421544194223,
    "overall_faithfulness": 0.5396401260926937
  }
}