{
  "factual_accuracy": 0.8083902075886726,
  "logical_coherence": 0.35428730584681034,
  "context_relevance": 0.7589817456901073,
  "interpretative_reasoning": 0.6505174539983272,
  "information_completeness": 0.7460439013111083,
  "hallucination_score": 0.2799361594254151,
  "overall_faithfulness": 0.6354575147296176
}